{"cameraMode":{"drawMode":0,"name":"Shaded","section":"Shading Mode"},"sceneLighting":true,"audioPlay":false,"sceneViewState":{"m_AlwaysRefresh":false,"showFog":true,"showSkybox":true,"showFlares":true,"showImageEffects":true,"showParticleSystems":true,"showVisualEffectGraphs":true,"m_FxEnabled":true},"in2DMode":false,"pivot":{"x":-3.8610827922821047,"y":-0.31427526473999026,"z":1.0843024253845215},"rotation":{"x":0.4187270402908325,"y":-0.2618997395038605,"z":0.12744709849357606,"w":0.8601935505867004},"size":6.671083450317383,"orthographic":false}